id,user_id,order_date,status
1,1,2018-01-01,returned
2,3,2018-01-02,completed
3,94,2018-01-04,completed
4,50,2018-01-05,completed
5,64,2018-01-05,completed
6,54,2018-01-07,completed
7,88,2018-01-09,completed
8,2,2018-01-11,returned
9,53,2018-01-12,completed
10,7,2018-01-14,completed
11,99,2018-01-14,completed
12,59,2018-01-15,completed
13,84,2018-01-17,completed
14,40,2018-01-17,returned
15,25,2018-01-17,completed
16,39,2018-01-18,completed
17,71,2018-01-18,completed
18,64,2018-01-20,returned
19,54,2018-01-22,completed
20,20,2018-01-23,completed
21,71,2018-01-23,completed
22,86,2018-01-24,completed
23,22,2018-01-26,return_pending
24,3,2018-01-27,completed
25,51,2018-01-28,completed
26,32,2018-01-28,completed
27,94,2018-01-29,completed
28,8,2018-01-29,completed
29,57,2018-01-31,completed
30,69,2018-02-02,completed
31,16,2018-02-02,completed
32,28,2018-02-04,completed
33,42,2018-02-04,completed
34,38,2018-02-06,completed
35,80,2018-02-08,completed
36,85,2018-02-10,completed
37,1,2018-02-10,completed
38,51,2018-02-10,completed
39,26,2018-02-11,completed
40,33,2018-02-13,completed
41,99,2018-02-14,completed
42,92,2018-02-16,completed
43,31,2018-02-17,completed
44,66,2018-02-17,completed
45,22,2018-02-17,completed
46,6,2018-02-19,completed
47,50,2018-02-20,completed
48,27,2018-02-21,completed
49,35,2018-02-21,completed
50,51,2018-02-23,completed
51,71,2018-02-24,completed
52,54,2018-02-25,return_pending
53,34,2018-02-26,completed
54,54,2018-02-26,completed
55,18,2018-02-27,completed
56,79,2018-02-28,completed
57,93,2018-03-01,completed
58,22,2018-03-01,completed
59,30,2018-03-02,completed
60,12,2018-03-03,completed
61,63,2018-03-03,completed
62,57,2018-03-05,completed
63,70,2018-03-06,completed
64,13,2018-03-07,completed
65,26,2018-03-08,completed
66,36,2018-03-10,completed
67,79,2018-03-11,completed
68,53,2018-03-11,completed
69,3,2018-03-11,completed
70,8,2018-03-12,completed
71,42,2018-03-12,shipped
72,30,2018-03-14,shipped
73,19,2018-03-16,completed
74,9,2018-03-17,shipped
75,69,2018-03-18,completed
76,25,2018-03-20,completed
77,35,2018-03-21,shipped
78,90,2018-03-23,shipped
79,52,2018-03-23,shipped
80,11,2018-03-23,shipped
81,76,2018-03-23,shipped
82,46,2018-03-24,shipped
83,54,2018-03-24,shipped
84,70,2018-03-26,placed
85,47,2018-03-26,shipped
86,68,2018-03-26,placed
87,46,2018-03-27,placed
88,91,2018-03-27,shipped
89,21,2018-03-28,placed
90,66,2018-03-30,shipped
91,47,2018-03-31,placed
92,84,2018-04-02,placed
93,66,2018-04-03,placed
94,63,2018-04-03,placed
95,27,2018-04-04,placed
96,90,2018-04-06,placed
97,89,2018-04-07,placed
98,41,2018-04-07,placed
99,85,2018-04-09,placed
100,1,2018-04-09,returned
101,3,2018-04-10,completed
102,94,2018-04-12,completed
103,50,2018-04-13,completed
104,64,2018-04-13,completed
105,54,2018-04-15,completed
106,88,2018-04-17,completed
107,2,2018-04-19,returned
108,53,2018-04-20,completed
109,7,2018-04-22,completed
110,99,2018-04-22,completed
111,59,2018-04-23,completed
112,84,2018-04-25,completed
113,40,2018-04-25,returned
114,25,2018-04-25,completed
115,39,2018-04-26,completed
116,71,2018-04-26,completed
117,64,2018-04-28,returned
118,54,2018-04-30,completed
119,20,2018-05-01,completed
120,71,2018-05-01,completed
121,86,2018-05-02,completed
122,22,2018-05-04,return_pending
123,3,2018-05-05,completed
124,51,2018-05-06,completed
125,32,2018-05-06,completed
126,94,2018-05-07,completed
127,8,2018-05-07,completed
128,57,2018-05-09,completed
129,69,2018-05-11,completed
130,16,2018-05-11,completed
131,28,2018-05-13,completed
132,42,2018-05-13,completed
133,38,2018-05-15,completed
134,80,2018-05-17,completed
135,85,2018-05-19,completed
136,1,2018-05-19,completed
137,51,2018-05-19,completed
138,26,2018-05-20,completed
139,33,2018-05-22,completed
140,99,2018-05-23,completed
141,92,2018-05-25,completed
142,31,2018-05-26,completed
143,66,2018-05-26,completed
144,22,2018-05-26,completed
145,6,2018-05-28,completed
146,50,2018-05-29,completed
147,27,2018-05-30,completed
148,35,2018-05-30,completed
149,51,2018-06-01,completed
150,71,2018-06-02,completed
151,54,2018-06-03,return_pending
152,34,2018-06-04,completed
153,54,2018-06-04,completed
154,18,2018-06-05,completed
155,79,2018-06-06,completed
156,93,2018-06-07,completed
157,22,2018-06-07,completed
158,30,2018-06-08,completed
159,12,2018-06-09,completed
160,63,2018-06-09,completed
161,57,2018-06-11,completed
162,70,2018-06-12,completed
163,13,2018-06-13,completed
164,26,2018-06-14,completed
165,36,2018-06-16,completed
166,79,2018-06-17,completed
167,53,2018-06-17,completed
168,3,2018-06-17,completed
169,8,2018-06-18,completed
170,42,2018-06-18,shipped
171,30,2018-06-20,shipped
172,19,2018-06-22,completed
173,9,2018-06-23,shipped
174,69,2018-06-24,completed
175,25,2018-06-26,completed
176,35,2018-06-27,shipped
177,90,2018-06-29,shipped
178,52,2018-06-29,shipped
179,11,2018-06-29,shipped
180,76,2018-06-29,shipped
181,46,2018-06-30,shipped
182,54,2018-06-30,shipped
183,70,2018-07-02,placed
184,47,2018-07-02,shipped
185,68,2018-07-02,placed
186,46,2018-07-03,placed
187,91,2018-07-03,shipped
188,21,2018-07-04,placed
189,66,2018-07-06,shipped
190,47,2018-07-07,placed
191,84,2018-07-09,placed
192,66,2018-07-10,placed
193,63,2018-07-10,placed
194,27,2018-07-11,placed
195,90,2018-07-13,placed
196,89,2018-07-14,placed
197,41,2018-07-14,placed
198,85,2018-07-16,placed
199,1,2018-07-16,returned
200,3,2018-07-17,completed
201,94,2018-07-19,completed
202,50,2018-07-20,completed
203,64,2018-07-20,completed
204,54,2018-07-22,completed
205,88,2018-07-24,completed
206,2,2018-07-26,returned
207,53,2018-07-27,completed
208,7,2018-07-29,completed
209,99,2018-07-29,completed
210,59,2018-07-30,completed
211,84,2018-08-01,completed
212,40,2018-08-01,returned
213,25,2018-08-01,completed
214,39,2018-08-02,completed
215,71,2018-08-02,completed
216,64,2018-08-04,returned
217,54,2018-08-06,completed
218,20,2018-08-07,completed
219,71,2018-08-07,completed
220,86,2018-08-08,completed
221,22,2018-08-10,return_pending
222,3,2018-08-11,completed
223,51,2018-08-12,completed
224,32,2018-08-12,completed
225,94,2018-08-13,completed
226,8,2018-08-13,completed
227,57,2018-08-15,completed
228,69,2018-08-17,completed
229,16,2018-08-17,completed
230,28,2018-08-19,completed
231,42,2018-08-19,completed
232,38,2018-08-21,completed
233,80,2018-08-23,completed
234,85,2018-08-25,completed
235,1,2018-08-25,completed
236,51,2018-08-25,completed
237,26,2018-08-26,completed
238,33,2018-08-28,completed
239,99,2018-08-29,completed
240,92,2018-08-31,completed
241,31,2018-09-01,completed
242,66,2018-09-01,completed
243,22,2018-09-01,completed
244,6,2018-09-03,completed
245,50,2018-09-04,completed
246,27,2018-09-05,completed
247,35,2018-09-05,completed
248,51,2018-09-07,completed
249,71,2018-09-08,completed
250,54,2018-09-09,return_pending
251,34,2018-09-10,completed
252,54,2018-09-10,completed
253,18,2018-09-11,completed
254,79,2018-09-12,completed
255,93,2018-09-13,completed
256,22,2018-09-13,completed
257,30,2018-09-14,completed
258,12,2018-09-15,completed
259,63,2018-09-15,completed
260,57,2018-09-17,completed
261,70,2018-09-18,completed
262,13,2018-09-19,completed
263,26,2018-09-20,completed
264,36,2018-09-22,completed
265,79,2018-09-23,completed
266,53,2018-09-23,completed
267,3,2018-09-23,completed
268,8,2018-09-24,completed
269,42,2018-09-24,shipped
270,30,2018-09-26,shipped
271,19,2018-09-28,completed
272,9,2018-09-29,shipped
273,69,2018-09-30,completed
274,25,2018-10-02,completed
275,35,2018-10-03,shipped
276,90,2018-10-05,shipped
277,52,2018-10-05,shipped
278,11,2018-10-05,shipped
279,76,2018-10-05,shipped
280,46,2018-10-06,shipped
281,54,2018-10-06,shipped
282,70,2018-10-08,placed
283,47,2018-10-08,shipped
284,68,2018-10-08,placed
285,46,2018-10-09,placed
286,91,2018-10-09,shipped
287,21,2018-10-10,placed
288,66,2018-10-12,shipped
289,47,2018-10-13,placed
290,84,2018-10-15,placed
291,66,2018-10-16,placed
292,63,2018-10-16,placed
293,27,2018-10-17,placed
294,90,2018-10-19,placed
295,89,2018-10-20,placed
296,41,2018-10-20,placed
297,85,2018-10-22,placed
298,1,2018-10-22,returned
299,3,2018-10-23,completed
300,94,2018-10-25,completed
301,50,2018-10-26,completed
302,64,2018-10-26,completed
303,54,2018-10-28,completed
304,88,2018-10-30,completed
305,2,2018-11-01,returned
306,53,2018-11-02,completed
307,7,2018-11-04,completed
308,99,2018-11-04,completed
309,59,2018-11-05,completed
310,84,2018-11-07,completed
311,40,2018-11-07,returned
312,25,2018-11-07,completed
313,39,2018-11-08,completed
314,71,2018-11-08,completed
315,64,2018-11-10,returned
316,54,2018-11-12,completed
317,20,2018-11-13,completed
318,71,2018-11-13,completed
319,86,2018-11-14,completed
320,22,2018-11-16,return_pending
321,3,2018-11-17,completed
322,51,2018-11-18,completed
323,32,2018-11-18,completed
324,94,2018-11-19,completed
325,8,2018-11-19,completed
326,57,2018-11-21,completed
327,69,2018-11-23,completed
328,16,2018-11-23,completed
329,28,2018-11-25,completed
330,42,2018-11-25,completed
331,38,2018-11-27,completed
332,80,2018-11-29,completed
333,85,2018-12-01,completed
334,1,2018-12-01,completed
335,51,2018-12-01,completed
336,26,2018-12-02,completed
337,33,2018-12-04,completed
338,99,2018-12-05,completed
339,92,2018-12-07,completed
340,31,2018-12-08,completed
341,66,2018-12-08,completed
342,22,2018-12-08,completed
343,6,2018-12-10,completed
344,50,2018-12-11,completed
345,27,2018-12-12,completed
346,35,2018-12-12,completed
347,51,2018-12-14,completed
348,71,2018-12-15,completed
349,54,2018-12-16,return_pending
350,34,2018-12-17,completed
351,54,2018-12-17,completed
352,18,2018-12-18,completed
353,79,2018-12-19,completed
354,93,2018-12-20,completed
355,22,2018-12-20,completed
356,30,2018-12-21,completed
357,12,2018-12-22,completed
358,63,2018-12-22,completed
359,57,2018-12-24,completed
360,70,2018-12-25,completed
361,13,2018-12-26,completed
362,26,2018-12-27,completed
363,36,2018-12-29,completed
364,79,2018-12-30,completed
365,53,2018-12-30,completed
366,3,2018-12-30,completed
367,8,2018-12-31,completed
368,42,2018-12-31,shipped
369,30,2019-01-02,shipped
370,19,2019-01-04,completed
371,9,2019-01-05,shipped
372,69,2019-01-06,completed
373,25,2019-01-08,completed
374,35,2019-01-09,shipped
375,90,2019-01-11,shipped
376,52,2019-01-11,shipped
377,11,2019-01-11,shipped
378,76,2019-01-11,shipped
379,46,2019-01-12,shipped
380,54,2019-01-12,shipped
381,70,2019-01-14,placed
382,47,2019-01-14,shipped
383,68,2019-01-14,placed
384,46,2019-01-15,placed
385,91,2019-01-15,shipped
386,21,2019-01-16,placed
387,66,2019-01-18,shipped
388,47,2019-01-19,placed
389,84,2019-01-21,placed
390,66,2019-01-22,placed
391,63,2019-01-22,placed
392,27,2019-01-23,placed
393,90,2019-01-25,placed
394,89,2019-01-26,placed
395,41,2019-01-26,placed
396,85,2019-01-28,placed
397,1,2019-01-28,returned
398,3,2019-01-29,completed
399,94,2019-01-31,completed
400,50,2019-02-01,completed
401,64,2019-02-01,completed
402,54,2019-02-03,completed
403,88,2019-02-05,completed
404,2,2019-02-07,returned
405,53,2019-02-08,completed
406,7,2019-02-10,completed
407,99,2019-02-10,completed
408,59,2019-02-11,completed
409,84,2019-02-13,completed
410,40,2019-02-13,returned
411,25,2019-02-13,completed
412,39,2019-02-14,completed
413,71,2019-02-14,completed
414,64,2019-02-16,returned
415,54,2019-02-18,completed
416,20,2019-02-19,completed
417,71,2019-02-19,completed
418,86,2019-02-20,completed
419,22,2019-02-22,return_pending
420,3,2019-02-23,completed
421,51,2019-02-24,completed
422,32,2019-02-24,completed
423,94,2019-02-25,completed
424,8,2019-02-25,completed
425,57,2019-02-27,completed
426,69,2019-03-01,completed
427,16,2019-03-01,completed
428,28,2019-03-03,completed
429,42,2019-03-03,completed
430,38,2019-03-05,completed
431,80,2019-03-07,completed
432,85,2019-03-09,completed
433,1,2019-03-09,completed
434,51,2019-03-09,completed
435,26,2019-03-10,completed
436,33,2019-03-12,completed
437,99,2019-03-13,completed
438,92,2019-03-15,completed
439,31,2019-03-16,completed
440,66,2019-03-16,completed
441,22,2019-03-16,completed
442,6,2019-03-18,completed
443,50,2019-03-19,completed
444,27,2019-03-20,completed
445,35,2019-03-20,completed
446,51,2019-03-22,completed
447,71,2019-03-23,completed
448,54,2019-03-24,return_pending
449,34,2019-03-25,completed
450,54,2019-03-25,completed
451,18,2019-03-26,completed
452,79,2019-03-27,completed
453,93,2019-03-28,completed
454,22,2019-03-28,completed
455,30,2019-03-29,completed
456,12,2019-03-30,completed
457,63,2019-03-30,completed
458,57,2019-04-01,completed
459,70,2019-04-02,completed
460,13,2019-04-03,completed
461,26,2019-04-04,completed
462,36,2019-04-06,completed
463,79,2019-04-07,completed
464,53,2019-04-07,completed
465,3,2019-04-07,completed
466,8,2019-04-08,completed
467,42,2019-04-08,shipped
468,30,2019-04-10,shipped
469,19,2019-04-12,completed
470,9,2019-04-13,shipped
471,69,2019-04-14,completed
472,25,2019-04-16,completed
473,35,2019-04-17,shipped
474,90,2019-04-19,shipped
475,52,2019-04-19,shipped
476,11,2019-04-19,shipped
477,76,2019-04-19,shipped
478,46,2019-04-20,shipped
479,54,2019-04-20,shipped
480,70,2019-04-22,placed
481,47,2019-04-22,shipped
482,68,2019-04-22,placed
483,46,2019-04-23,placed
484,91,2019-04-23,shipped
485,21,2019-04-24,placed
486,66,2019-04-26,shipped
487,47,2019-04-27,placed
488,84,2019-04-29,placed
489,66,2019-04-30,placed
490,63,2019-04-30,placed
491,27,2019-05-01,placed
492,90,2019-05-03,placed
493,89,2019-05-04,placed
494,41,2019-05-04,placed
495,85,2019-05-06,placed
496,1,2019-05-06,returned
497,3,2019-05-07,completed
498,94,2019-05-09,completed
499,50,2019-05-10,completed
500,64,2019-05-10,completed
501,54,2019-05-12,completed
502,88,2019-05-14,completed
503,2,2019-05-16,returned
504,53,2019-05-17,completed
505,7,2019-05-19,completed
506,99,2019-05-19,completed
507,59,2019-05-20,completed
508,84,2019-05-22,completed
509,40,2019-05-22,returned
510,25,2019-05-22,completed
511,39,2019-05-23,completed
512,71,2019-05-23,completed
513,64,2019-05-25,returned
514,54,2019-05-27,completed
515,20,2019-05-28,completed
516,71,2019-05-28,completed
517,86,2019-05-29,completed
518,22,2019-05-31,return_pending
519,3,2019-06-01,completed
520,51,2019-06-02,completed
521,32,2019-06-02,completed
522,94,2019-06-03,completed
523,8,2019-06-03,completed
524,57,2019-06-05,completed
525,69,2019-06-07,completed
526,16,2019-06-07,completed
527,28,2019-06-09,completed
528,42,2019-06-09,completed
529,38,2019-06-11,completed
530,80,2019-06-13,completed
531,85,2019-06-15,completed
532,1,2019-06-15,completed
533,51,2019-06-15,completed
534,26,2019-06-16,completed
535,33,2019-06-18,completed
536,99,2019-06-19,completed
537,92,2019-06-21,completed
538,31,2019-06-22,completed
539,66,2019-06-22,completed
540,22,2019-06-22,completed
541,6,2019-06-24,completed
542,50,2019-06-25,completed
543,27,2019-06-26,completed
544,35,2019-06-26,completed
545,51,2019-06-28,completed
546,71,2019-06-29,completed
547,54,2019-06-30,return_pending
548,34,2019-07-01,completed
549,54,2019-07-01,completed
550,18,2019-07-02,completed
551,79,2019-07-03,completed
552,93,2019-07-04,completed
553,22,2019-07-04,completed
554,30,2019-07-05,completed
555,12,2019-07-06,completed
556,63,2019-07-06,completed
557,57,2019-07-08,completed
558,70,2019-07-09,completed
559,13,2019-07-10,completed
560,26,2019-07-11,completed
561,36,2019-07-13,completed
562,79,2019-07-14,completed
563,53,2019-07-14,completed
564,3,2019-07-14,completed
565,8,2019-07-15,completed
566,42,2019-07-15,shipped
567,30,2019-07-17,shipped
568,19,2019-07-19,completed
569,9,2019-07-20,shipped
570,69,2019-07-21,completed
571,25,2019-07-23,completed
572,35,2019-07-24,shipped
573,90,2019-07-26,shipped
574,52,2019-07-26,shipped
575,11,2019-07-26,shipped
576,76,2019-07-26,shipped
577,46,2019-07-27,shipped
578,54,2019-07-27,shipped
579,70,2019-07-29,placed
580,47,2019-07-29,shipped
581,68,2019-07-29,placed
582,46,2019-07-30,placed
583,91,2019-07-30,shipped
584,21,2019-07-31,placed
585,66,2019-08-02,shipped
586,47,2019-08-03,placed
587,84,2019-08-05,placed
588,66,2019-08-06,placed
589,63,2019-08-06,placed
590,27,2019-08-07,placed
591,90,2019-08-09,placed
592,89,2019-08-10,placed
593,41,2019-08-10,placed
594,85,2019-08-12,placed
595,1,2019-08-12,returned
596,3,2019-08-13,completed
597,94,2019-08-15,completed
598,50,2019-08-16,completed
599,64,2019-08-16,completed
600,54,2019-08-18,completed
601,88,2019-08-20,completed
602,2,2019-08-22,returned
603,53,2019-08-23,completed
604,7,2019-08-25,completed
605,99,2019-08-25,completed
606,59,2019-08-26,completed
607,84,2019-08-28,completed
608,40,2019-08-28,returned
609,25,2019-08-28,completed
610,39,2019-08-29,completed
611,71,2019-08-29,completed
612,64,2019-08-31,returned
613,54,2019-09-02,completed
614,20,2019-09-03,completed
615,71,2019-09-03,completed
616,86,2019-09-04,completed
617,22,2019-09-06,return_pending
618,3,2019-09-07,completed
619,51,2019-09-08,completed
620,32,2019-09-08,completed
621,94,2019-09-09,completed
622,8,2019-09-09,completed
623,57,2019-09-11,completed
624,69,2019-09-13,completed
625,16,2019-09-13,completed
626,28,2019-09-15,completed
627,42,2019-09-15,completed
628,38,2019-09-17,completed
629,80,2019-09-19,completed
630,85,2019-09-21,completed
631,1,2019-09-21,completed
632,51,2019-09-21,completed
633,26,2019-09-22,completed
634,33,2019-09-24,completed
635,99,2019-09-25,completed
636,92,2019-09-27,completed
637,31,2019-09-28,completed
638,66,2019-09-28,completed
639,22,2019-09-28,completed
640,6,2019-09-30,completed
641,50,2019-10-01,completed
642,27,2019-10-02,completed
643,35,2019-10-02,completed
644,51,2019-10-04,completed
645,71,2019-10-05,completed
646,54,2019-10-06,return_pending
647,34,2019-10-07,completed
648,54,2019-10-07,completed
649,18,2019-10-08,completed
650,79,2019-10-09,completed
651,93,2019-10-10,completed
652,22,2019-10-10,completed
653,30,2019-10-11,completed
654,12,2019-10-12,completed
655,63,2019-10-12,completed
656,57,2019-10-14,completed
657,70,2019-10-15,completed
658,13,2019-10-16,completed
659,26,2019-10-17,completed
660,36,2019-10-19,completed
661,79,2019-10-20,completed
662,53,2019-10-20,completed
663,3,2019-10-20,completed
664,8,2019-10-21,completed
665,42,2019-10-21,shipped
666,30,2019-10-23,shipped
667,19,2019-10-25,completed
668,9,2019-10-26,shipped
669,69,2019-10-27,completed
670,25,2019-10-29,completed
671,35,2019-10-30,shipped
672,90,2019-11-01,shipped
673,52,2019-11-01,shipped
674,11,2019-11-01,shipped
675,76,2019-11-01,shipped
676,46,2019-11-02,shipped
677,54,2019-11-02,shipped
678,70,2019-11-04,placed
679,47,2019-11-04,shipped
680,68,2019-11-04,placed
681,46,2019-11-05,placed
682,91,2019-11-05,shipped
683,21,2019-11-06,placed
684,66,2019-11-08,shipped
685,47,2019-11-09,placed
686,84,2019-11-11,placed
687,66,2019-11-12,placed
688,63,2019-11-12,placed
689,27,2019-11-13,placed
690,90,2019-11-15,placed
691,89,2019-11-16,placed
692,41,2019-11-16,placed
693,85,2019-11-18,placed
694,1,2019-11-18,returned
695,3,2019-11-19,completed
696,94,2019-11-21,completed
697,50,2019-11-22,completed
698,64,2019-11-22,completed
699,54,2019-11-24,completed
700,88,2019-11-26,completed
701,2,2019-11-28,returned
702,53,2019-11-29,completed
703,7,2019-12-01,completed
704,99,2019-12-01,completed
705,59,2019-12-02,completed
706,84,2019-12-04,completed
707,40,2019-12-04,returned
708,25,2019-12-04,completed
709,39,2019-12-05,completed
710,71,2019-12-05,completed
711,64,2019-12-07,returned
712,54,2019-12-09,completed
713,20,2019-12-10,completed
714,71,2019-12-10,completed
715,86,2019-12-11,completed
716,22,2019-12-13,return_pending
717,3,2019-12-14,completed
718,51,2019-12-15,completed
719,32,2019-12-15,completed
720,94,2019-12-16,completed
721,8,2019-12-16,completed
722,57,2019-12-18,completed
723,69,2019-12-20,completed
724,16,2019-12-20,completed
725,28,2019-12-22,completed
726,42,2019-12-22,completed
727,38,2019-12-24,completed
728,80,2019-12-26,completed
729,85,2019-12-28,completed
730,1,2019-12-28,completed
731,51,2019-12-28,completed
732,26,2019-12-29,completed
733,33,2019-12-31,completed
734,99,2020-01-01,completed
735,92,2020-01-03,completed
736,31,2020-01-04,completed
737,66,2020-01-04,completed
738,22,2020-01-04,completed
739,6,2020-01-06,completed
740,50,2020-01-07,completed
741,27,2020-01-08,completed
742,35,2020-01-08,completed
743,51,2020-01-10,completed
744,71,2020-01-11,completed
745,54,2020-01-12,return_pending
746,34,2020-01-13,completed
747,54,2020-01-13,completed
748,18,2020-01-14,completed
749,79,2020-01-15,completed
750,93,2020-01-16,completed
751,22,2020-01-16,completed
752,30,2020-01-17,completed
753,12,2020-01-18,completed
754,63,2020-01-18,completed
755,57,2020-01-20,completed
756,70,2020-01-21,completed
757,13,2020-01-22,completed
758,26,2020-01-23,completed
759,36,2020-01-25,completed
760,79,2020-01-26,completed
761,53,2020-01-26,completed
762,3,2020-01-26,completed
763,8,2020-01-27,completed
764,42,2020-01-27,shipped
765,30,2020-01-29,shipped
766,19,2020-01-31,completed
767,9,2020-02-01,shipped
768,69,2020-02-02,completed
769,25,2020-02-04,completed
770,35,2020-02-05,shipped
771,90,2020-02-07,shipped
772,52,2020-02-07,shipped
773,11,2020-02-07,shipped
774,76,2020-02-07,shipped
775,46,2020-02-08,shipped
776,54,2020-02-08,shipped
777,70,2020-02-10,placed
778,47,2020-02-10,shipped
779,68,2020-02-10,placed
780,46,2020-02-11,placed
781,91,2020-02-11,shipped
782,21,2020-02-12,placed
783,66,2020-02-14,shipped
784,47,2020-02-15,placed
785,84,2020-02-17,placed
786,66,2020-02-18,placed
787,63,2020-02-18,placed
788,27,2020-02-19,placed
789,90,2020-02-21,placed
790,89,2020-02-22,placed
791,41,2020-02-22,placed
792,85,2020-02-24,placed
793,1,2020-02-24,returned
794,3,2020-02-25,completed
795,94,2020-02-27,completed
796,50,2020-02-28,completed
797,64,2020-02-28,completed
798,54,2020-03-01,completed
799,88,2020-03-03,completed
800,2,2020-03-05,returned
801,53,2020-03-06,completed
802,7,2020-03-08,completed
803,99,2020-03-08,completed
804,59,2020-03-09,completed
805,84,2020-03-11,completed
806,40,2020-03-11,returned
807,25,2020-03-11,completed
808,39,2020-03-12,completed
809,71,2020-03-12,completed
810,64,2020-03-14,returned
811,54,2020-03-16,completed
812,20,2020-03-17,completed
813,71,2020-03-17,completed
814,86,2020-03-18,completed
815,22,2020-03-20,return_pending
816,3,2020-03-21,completed
817,51,2020-03-22,completed
818,32,2020-03-22,completed
819,94,2020-03-23,completed
820,8,2020-03-23,completed
821,57,2020-03-25,completed
822,69,2020-03-27,completed
823,16,2020-03-27,completed
824,28,2020-03-29,completed
825,42,2020-03-29,completed
826,38,2020-03-31,completed
827,80,2020-04-02,completed
828,85,2020-04-04,completed
829,1,2020-04-04,completed
830,51,2020-04-04,completed
831,26,2020-04-05,completed
832,33,2020-04-07,completed
833,99,2020-04-08,completed
834,92,2020-04-10,completed
835,31,2020-04-11,completed
836,66,2020-04-11,completed
837,22,2020-04-11,completed
838,6,2020-04-13,completed
839,50,2020-04-14,completed
840,27,2020-04-15,completed
841,35,2020-04-15,completed
842,51,2020-04-17,completed
843,71,2020-04-18,completed
844,54,2020-04-19,return_pending
845,34,2020-04-20,completed
846,54,2020-04-20,completed
847,18,2020-04-21,completed
848,79,2020-04-22,completed
849,93,2020-04-23,completed
850,22,2020-04-23,completed
851,30,2020-04-24,completed
852,12,2020-04-25,completed
853,63,2020-04-25,completed
854,57,2020-04-27,completed
855,70,2020-04-28,completed
856,13,2020-04-29,completed
857,26,2020-04-30,completed
858,36,2020-05-02,completed
859,79,2020-05-03,completed
860,53,2020-05-03,completed
861,3,2020-05-03,completed
862,8,2020-05-04,completed
863,42,2020-05-04,shipped
864,30,2020-05-06,shipped
865,19,2020-05-08,completed
866,9,2020-05-09,shipped
867,69,2020-05-10,completed
868,25,2020-05-12,completed
869,35,2020-05-13,shipped
870,90,2020-05-15,shipped
871,52,2020-05-15,shipped
872,11,2020-05-15,shipped
873,76,2020-05-15,shipped
874,46,2020-05-16,shipped
875,54,2020-05-16,shipped
876,70,2020-05-18,placed
877,47,2020-05-18,shipped
878,68,2020-05-18,placed
879,46,2020-05-19,placed
880,91,2020-05-19,shipped
881,21,2020-05-20,placed
882,66,2020-05-22,shipped
883,47,2020-05-23,placed
884,84,2020-05-25,placed
885,66,2020-05-26,placed
886,63,2020-05-26,placed
887,27,2020-05-27,placed
888,90,2020-05-29,placed
889,89,2020-05-30,placed
890,41,2020-05-30,placed
891,85,2020-06-01,placed
892,1,2020-06-01,returned
893,3,2020-06-02,completed
894,94,2020-06-04,completed
895,50,2020-06-05,completed
896,64,2020-06-05,completed
897,54,2020-06-07,completed
898,88,2020-06-09,completed
899,2,2020-06-11,returned
900,53,2020-06-12,completed
901,7,2020-06-14,completed
902,99,2020-06-14,completed
903,59,2020-06-15,completed
904,84,2020-06-17,completed
905,40,2020-06-17,returned
906,25,2020-06-17,completed
907,39,2020-06-18,completed
908,71,2020-06-18,completed
909,64,2020-06-20,returned
910,54,2020-06-22,completed
911,20,2020-06-23,completed
912,71,2020-06-23,completed
913,86,2020-06-24,completed
914,22,2020-06-26,return_pending
915,3,2020-06-27,completed
916,51,2020-06-28,completed
917,32,2020-06-28,completed
918,94,2020-06-29,completed
919,8,2020-06-29,completed
920,57,2020-07-01,completed
921,69,2020-07-03,completed
922,16,2020-07-03,completed
923,28,2020-07-05,completed
924,42,2020-07-05,completed
925,38,2020-07-07,completed
926,80,2020-07-09,completed
927,85,2020-07-11,completed
928,1,2020-07-11,completed
929,51,2020-07-11,completed
930,26,2020-07-12,completed
931,33,2020-07-14,completed
932,99,2020-07-15,completed
933,92,2020-07-17,completed
934,31,2020-07-18,completed
935,66,2020-07-18,completed
936,22,2020-07-18,completed
937,6,2020-07-20,completed
938,50,2020-07-21,completed
939,27,2020-07-22,completed
940,35,2020-07-22,completed
941,51,2020-07-24,completed
942,71,2020-07-25,completed
943,54,2020-07-26,return_pending
944,34,2020-07-27,completed
945,54,2020-07-27,completed
946,18,2020-07-28,completed
947,79,2020-07-29,completed
948,93,2020-07-30,completed
949,22,2020-07-30,completed
950,30,2020-07-31,completed
951,12,2020-08-01,completed
952,63,2020-08-01,completed
953,57,2020-08-03,completed
954,70,2020-08-04,completed
955,13,2020-08-05,completed
956,26,2020-08-06,completed
957,36,2020-08-08,completed
958,79,2020-08-09,completed
959,53,2020-08-09,completed
960,3,2020-08-09,completed
961,8,2020-08-10,completed
962,42,2020-08-10,shipped
963,30,2020-08-12,shipped
964,19,2020-08-14,completed
965,9,2020-08-15,shipped
966,69,2020-08-16,completed
967,25,2020-08-18,completed
968,35,2020-08-19,shipped
969,90,2020-08-21,shipped
970,52,2020-08-21,shipped
971,11,2020-08-21,shipped
972,76,2020-08-21,shipped
973,46,2020-08-22,shipped
974,54,2020-08-22,shipped
975,70,2020-08-24,placed
976,47,2020-08-24,shipped
977,68,2020-08-24,placed
978,46,2020-08-25,placed
979,91,2020-08-25,shipped
980,21,2020-08-26,placed
981,66,2020-08-28,shipped
982,47,2020-08-29,placed
983,84,2020-08-31,placed
984,66,2020-09-01,placed
985,63,2020-09-01,placed
986,27,2020-09-02,placed
987,90,2020-09-04,placed
988,89,2020-09-05,placed
989,41,2020-09-05,placed
990,85,2020-09-07,placed
991,1,2020-09-07,returned
992,3,2020-09-08,completed
993,94,2020-09-10,completed
994,50,2020-09-11,completed
995,64,2020-09-11,completed
996,54,2020-09-13,completed
997,88,2020-09-15,completed
998,2,2020-09-17,returned
999,53,2020-09-18,completed
1000,7,2020-09-20,completed
1001,99,2020-09-20,completed
1002,59,2020-09-21,completed
1003,84,2020-09-23,completed
1004,40,2020-09-23,returned
1005,25,2020-09-23,completed
1006,39,2020-09-24,completed
1007,71,2020-09-24,completed
1008,64,2020-09-26,returned
1009,54,2020-09-28,completed
1010,20,2020-09-29,completed
1011,71,2020-09-29,completed
1012,86,2020-09-30,completed
1013,22,2020-10-02,return_pending
1014,3,2020-10-03,completed
1015,51,2020-10-04,completed
1016,32,2020-10-04,completed
1017,94,2020-10-05,completed
1018,8,2020-10-05,completed
1019,57,2020-10-07,completed
1020,69,2020-10-09,completed
1021,16,2020-10-09,completed
1022,28,2020-10-11,completed
1023,42,2020-10-11,completed
1024,38,2020-10-13,completed
1025,80,2020-10-15,completed
1026,85,2020-10-17,completed
1027,1,2020-10-17,completed
1028,51,2020-10-17,completed
1029,26,2020-10-18,completed
1030,33,2020-10-20,completed
1031,99,2020-10-21,completed
1032,92,2020-10-23,completed
1033,31,2020-10-24,completed
1034,66,2020-10-24,completed
1035,22,2020-10-24,completed
1036,6,2020-10-26,completed
1037,50,2020-10-27,completed
1038,27,2020-10-28,completed
1039,35,2020-10-28,completed
1040,51,2020-10-30,completed
1041,71,2020-10-31,completed
1042,54,2020-11-01,return_pending
1043,34,2020-11-02,completed
1044,54,2020-11-02,completed
1045,18,2020-11-03,completed
1046,79,2020-11-04,completed
1047,93,2020-11-05,completed
1048,22,2020-11-05,completed
1049,30,2020-11-06,completed
1050,12,2020-11-07,completed
1051,63,2020-11-07,completed
1052,57,2020-11-09,completed
1053,70,2020-11-10,completed
1054,13,2020-11-11,completed
1055,26,2020-11-12,completed
1056,36,2020-11-14,completed
1057,79,2020-11-15,completed
1058,53,2020-11-15,completed
1059,3,2020-11-15,completed
1060,8,2020-11-16,completed
1061,42,2020-11-16,shipped
1062,30,2020-11-18,shipped
1063,19,2020-11-20,completed
1064,9,2020-11-21,shipped
1065,69,2020-11-22,completed
1066,25,2020-11-24,completed
1067,35,2020-11-25,shipped
1068,90,2020-11-27,shipped
1069,52,2020-11-27,shipped
1070,11,2020-11-27,shipped
1071,76,2020-11-27,shipped
1072,46,2020-11-28,shipped
1073,54,2020-11-28,shipped
1074,70,2020-11-30,placed
1075,47,2020-11-30,shipped
1076,68,2020-11-30,placed
1077,46,2020-12-01,placed
1078,91,2020-12-01,shipped
1079,21,2020-12-02,placed
1080,66,2020-12-04,shipped
1081,47,2020-12-05,placed
1082,84,2020-12-07,placed
1083,66,2020-12-08,placed
1084,63,2020-12-08,placed
1085,27,2020-12-09,placed
1086,90,2020-12-11,placed
1087,89,2020-12-12,placed
1088,41,2020-12-12,placed
1089,85,2020-12-14,placed
1090,1,2020-12-14,returned
1091,3,2020-12-15,completed
1092,94,2020-12-17,completed
1093,50,2020-12-18,completed
1094,64,2020-12-18,completed
1095,54,2020-12-20,completed
1096,88,2020-12-22,completed
1097,2,2020-12-24,returned
1098,53,2020-12-25,completed
1099,7,2020-12-27,completed
1100,99,2020-12-27,completed
1101,59,2020-12-28,completed
1102,84,2020-12-30,completed
1103,40,2020-12-30,returned
1104,25,2020-12-30,completed
1105,39,2020-12-31,completed
1106,71,2020-12-31,completed
1107,64,2021-01-02,returned
1108,54,2021-01-04,completed
1109,20,2021-01-05,completed
1110,71,2021-01-05,completed
1111,86,2021-01-06,completed
1112,22,2021-01-08,return_pending
1113,3,2021-01-09,completed
1114,51,2021-01-10,completed
1115,32,2021-01-10,completed
1116,94,2021-01-11,completed
1117,8,2021-01-11,completed
1118,57,2021-01-13,completed
1119,69,2021-01-15,completed
1120,16,2021-01-15,completed
1121,28,2021-01-17,completed
1122,42,2021-01-17,completed
1123,38,2021-01-19,completed
1124,80,2021-01-21,completed
1125,85,2021-01-23,completed
1126,1,2021-01-23,completed
1127,51,2021-01-23,completed
1128,26,2021-01-24,completed
1129,33,2021-01-26,completed
1130,99,2021-01-27,completed
1131,92,2021-01-29,completed
1132,31,2021-01-30,completed
1133,66,2021-01-30,completed
1134,22,2021-01-30,completed
1135,6,2021-02-01,completed
1136,50,2021-02-02,completed
1137,27,2021-02-03,completed
1138,35,2021-02-03,completed
1139,51,2021-02-05,completed
1140,71,2021-02-06,completed
1141,54,2021-02-07,return_pending
1142,34,2021-02-08,completed
1143,54,2021-02-08,completed
1144,18,2021-02-09,completed
1145,79,2021-02-10,completed
1146,93,2021-02-11,completed
1147,22,2021-02-11,completed
1148,30,2021-02-12,completed
1149,12,2021-02-13,completed
1150,63,2021-02-13,completed
1151,57,2021-02-15,completed
1152,70,2021-02-16,completed
1153,13,2021-02-17,completed
1154,26,2021-02-18,completed
1155,36,2021-02-20,completed
1156,79,2021-02-21,completed
1157,53,2021-02-21,completed
1158,3,2021-02-21,completed
1159,8,2021-02-22,completed
1160,42,2021-02-22,shipped
1161,30,2021-02-24,shipped
1162,19,2021-02-26,completed
1163,9,2021-02-27,shipped
1164,69,2021-02-28,completed
1165,25,2021-03-02,completed
1166,35,2021-03-03,shipped
1167,90,2021-03-05,shipped
1168,52,2021-03-05,shipped
1169,11,2021-03-05,shipped
1170,76,2021-03-05,shipped
1171,46,2021-03-06,shipped
1172,54,2021-03-06,shipped
1173,70,2021-03-08,placed
1174,47,2021-03-08,shipped
1175,68,2021-03-08,placed
1176,46,2021-03-09,placed
1177,91,2021-03-09,shipped
1178,21,2021-03-10,placed
1179,66,2021-03-12,shipped
1180,47,2021-03-13,placed
1181,84,2021-03-15,placed
1182,66,2021-03-16,placed
1183,63,2021-03-16,placed
1184,27,2021-03-17,placed
1185,90,2021-03-19,placed
1186,89,2021-03-20,placed
1187,41,2021-03-20,placed
1188,85,2021-03-22,placed
1189,1,2021-03-22,returned
1190,3,2021-03-23,completed
1191,94,2021-03-25,completed
1192,50,2021-03-26,completed
1193,64,2021-03-26,completed
1194,54,2021-03-28,completed
1195,88,2021-03-30,completed
1196,2,2021-04-01,returned
1197,53,2021-04-02,completed
1198,7,2021-04-04,completed
1199,99,2021-04-04,completed
1200,59,2021-04-05,completed
1201,84,2021-04-07,completed
1202,40,2021-04-07,returned
1203,25,2021-04-07,completed
1204,39,2021-04-08,completed
1205,71,2021-04-08,completed
1206,64,2021-04-10,returned
1207,54,2021-04-12,completed
1208,20,2021-04-13,completed
1209,71,2021-04-13,completed
1210,86,2021-04-14,completed
1211,22,2021-04-16,return_pending
1212,3,2021-04-17,completed
1213,51,2021-04-18,completed
1214,32,2021-04-18,completed
1215,94,2021-04-19,completed
1216,8,2021-04-19,completed
1217,57,2021-04-21,completed
1218,69,2021-04-23,completed
1219,16,2021-04-23,completed
1220,28,2021-04-25,completed
1221,42,2021-04-25,completed
1222,38,2021-04-27,completed
1223,80,2021-04-29,completed
1224,85,2021-05-01,completed
1225,1,2021-05-01,completed
1226,51,2021-05-01,completed
1227,26,2021-05-02,completed
1228,33,2021-05-04,completed
1229,99,2021-05-05,completed
1230,92,2021-05-07,completed
1231,31,2021-05-08,completed
1232,66,2021-05-08,completed
1233,22,2021-05-08,completed
1234,6,2021-05-10,completed
1235,50,2021-05-11,completed
1236,27,2021-05-12,completed
1237,35,2021-05-12,completed
1238,51,2021-05-14,completed
1239,71,2021-05-15,completed
1240,54,2021-05-16,return_pending
1241,34,2021-05-17,completed
1242,54,2021-05-17,completed
1243,18,2021-05-18,completed
1244,79,2021-05-19,completed
1245,93,2021-05-20,completed
1246,22,2021-05-20,completed
1247,30,2021-05-21,completed
1248,12,2021-05-22,completed
1249,63,2021-05-22,completed
1250,57,2021-05-24,completed
1251,70,2021-05-25,completed
1252,13,2021-05-26,completed
1253,26,2021-05-27,completed
1254,36,2021-05-29,completed
1255,79,2021-05-30,completed
1256,53,2021-05-30,completed
1257,3,2021-05-30,completed
1258,8,2021-05-31,completed
1259,42,2021-05-31,shipped
1260,30,2021-06-02,shipped
1261,19,2021-06-04,completed
1262,9,2021-06-05,shipped
1263,69,2021-06-06,completed
1264,25,2021-06-08,completed
1265,35,2021-06-09,shipped
1266,90,2021-06-11,shipped
1267,52,2021-06-11,shipped
1268,11,2021-06-11,shipped
1269,76,2021-06-11,shipped
1270,46,2021-06-12,shipped
1271,54,2021-06-12,shipped
1272,70,2021-06-14,placed
1273,47,2021-06-14,shipped
1274,68,2021-06-14,placed
1275,46,2021-06-15,placed
1276,91,2021-06-15,shipped
1277,21,2021-06-16,placed
1278,66,2021-06-18,shipped
1279,47,2021-06-19,placed
1280,84,2021-06-21,placed
1281,66,2021-06-22,placed
1282,63,2021-06-22,placed
1283,27,2021-06-23,placed
1284,90,2021-06-25,placed
1285,89,2021-06-26,placed
1286,41,2021-06-26,placed
1287,85,2021-06-28,placed
1288,1,2021-06-28,returned
1289,3,2021-06-29,completed
1290,94,2021-07-01,completed
1291,50,2021-07-02,completed
1292,64,2021-07-02,completed
1293,54,2021-07-04,completed
1294,88,2021-07-06,completed
1295,2,2021-07-08,returned
1296,53,2021-07-09,completed
1297,7,2021-07-11,completed
1298,99,2021-07-11,completed
1299,59,2021-07-12,completed
1300,84,2021-07-14,completed
1301,40,2021-07-14,returned
1302,25,2021-07-14,completed
1303,39,2021-07-15,completed
1304,71,2021-07-15,completed
1305,64,2021-07-17,returned
1306,54,2021-07-19,completed
1307,20,2021-07-20,completed
1308,71,2021-07-20,completed
1309,86,2021-07-21,completed
1310,22,2021-07-23,return_pending
1311,3,2021-07-24,completed
1312,51,2021-07-25,completed
1313,32,2021-07-25,completed
1314,94,2021-07-26,completed
1315,8,2021-07-26,completed
1316,57,2021-07-28,completed
1317,69,2021-07-30,completed
1318,16,2021-07-30,completed
1319,28,2021-08-01,completed
1320,42,2021-08-01,completed
1321,38,2021-08-03,completed
1322,80,2021-08-05,completed
1323,85,2021-08-07,completed
1324,1,2021-08-07,completed
1325,51,2021-08-07,completed
1326,26,2021-08-08,completed
1327,33,2021-08-10,completed
1328,99,2021-08-11,completed
1329,92,2021-08-13,completed
1330,31,2021-08-14,completed
1331,66,2021-08-14,completed
1332,22,2021-08-14,completed
1333,6,2021-08-16,completed
1334,50,2021-08-17,completed
1335,27,2021-08-18,completed
1336,35,2021-08-18,completed
1337,51,2021-08-20,completed
1338,71,2021-08-21,completed
1339,54,2021-08-22,return_pending
1340,34,2021-08-23,completed
1341,54,2021-08-23,completed
1342,18,2021-08-24,completed
1343,79,2021-08-25,completed
1344,93,2021-08-26,completed
1345,22,2021-08-26,completed
1346,30,2021-08-27,completed
1347,12,2021-08-28,completed
1348,63,2021-08-28,completed
1349,57,2021-08-30,completed
1350,70,2021-08-31,completed
1351,13,2021-09-01,completed
1352,26,2021-09-02,completed
1353,36,2021-09-04,completed
1354,79,2021-09-05,completed
1355,53,2021-09-05,completed
1356,3,2021-09-05,completed
1357,8,2021-09-06,completed
1358,42,2021-09-06,shipped
1359,30,2021-09-08,shipped
1360,19,2021-09-10,completed
1361,9,2021-09-11,shipped
1362,69,2021-09-12,completed
1363,25,2021-09-14,completed
1364,35,2021-09-15,shipped
1365,90,2021-09-17,shipped
1366,52,2021-09-17,shipped
1367,11,2021-09-17,shipped
1368,76,2021-09-17,shipped
1369,46,2021-09-18,shipped
1370,54,2021-09-18,shipped
1371,70,2021-09-20,placed
1372,47,2021-09-20,shipped
1373,68,2021-09-20,placed
1374,46,2021-09-21,placed
1375,91,2021-09-21,shipped
1376,21,2021-09-22,placed
1377,66,2021-09-24,shipped
1378,47,2021-09-25,placed
1379,84,2021-09-27,placed
1380,66,2021-09-28,placed
1381,63,2021-09-28,placed
1382,27,2021-09-29,placed
1383,90,2021-10-01,placed
1384,89,2021-10-02,placed
1385,41,2021-10-02,placed
1386,85,2021-10-04,placed
1387,1,2021-10-04,returned
1388,3,2021-10-05,completed
1389,94,2021-10-07,completed
1390,50,2021-10-08,completed
1391,64,2021-10-08,completed
1392,54,2021-10-10,completed
1393,88,2021-10-12,completed
1394,2,2021-10-14,returned
1395,53,2021-10-15,completed
1396,7,2021-10-17,completed
1397,99,2021-10-17,completed
1398,59,2021-10-18,completed
1399,84,2021-10-20,completed
1400,40,2021-10-20,returned
1401,25,2021-10-20,completed
1402,39,2021-10-21,completed
1403,71,2021-10-21,completed
1404,64,2021-10-23,returned
1405,54,2021-10-25,completed
1406,20,2021-10-26,completed
1407,71,2021-10-26,completed
1408,86,2021-10-27,completed
1409,22,2021-10-29,return_pending
1410,3,2021-10-30,completed
1411,51,2021-10-31,completed
1412,32,2021-10-31,completed
1413,94,2021-11-01,completed
1414,8,2021-11-01,completed
1415,57,2021-11-03,completed
1416,69,2021-11-05,completed
1417,16,2021-11-05,completed
1418,28,2021-11-07,completed
1419,42,2021-11-07,completed
1420,38,2021-11-09,completed
1421,80,2021-11-11,completed
1422,85,2021-11-13,completed
1423,1,2021-11-13,completed
1424,51,2021-11-13,completed
1425,26,2021-11-14,completed
1426,33,2021-11-16,completed
1427,99,2021-11-17,completed
1428,92,2021-11-19,completed
1429,31,2021-11-20,completed
1430,66,2021-11-20,completed
1431,22,2021-11-20,completed
1432,6,2021-11-22,completed
1433,50,2021-11-23,completed
1434,27,2021-11-24,completed
1435,35,2021-11-24,completed
1436,51,2021-11-26,completed
1437,71,2021-11-27,completed
1438,54,2021-11-28,return_pending
1439,34,2021-11-29,completed
1440,54,2021-11-29,completed
1441,18,2021-11-30,completed
1442,79,2021-12-01,completed
1443,93,2021-12-02,completed
1444,22,2021-12-02,completed
1445,30,2021-12-03,completed
1446,12,2021-12-04,completed
1447,63,2021-12-04,completed
1448,57,2021-12-06,completed
1449,70,2021-12-07,completed
1450,13,2021-12-08,completed
1451,26,2021-12-09,completed
1452,36,2021-12-11,completed
1453,79,2021-12-12,completed
1454,53,2021-12-12,completed
1455,3,2021-12-12,completed
1456,8,2021-12-13,completed
1457,42,2021-12-13,shipped
1458,30,2021-12-15,shipped
1459,19,2021-12-17,completed
1460,9,2021-12-18,shipped
1461,69,2021-12-19,completed
1462,25,2021-12-21,completed
1463,35,2021-12-22,shipped
1464,90,2021-12-24,shipped
1465,52,2021-12-24,shipped
1466,11,2021-12-24,shipped
1467,76,2021-12-24,shipped
1468,46,2021-12-25,shipped
1469,54,2021-12-25,shipped
1470,70,2021-12-27,placed
1471,47,2021-12-27,shipped
1472,68,2021-12-27,placed
1473,46,2021-12-28,placed
1474,91,2021-12-28,shipped
1475,21,2021-12-29,placed
1476,66,2021-12-31,shipped
1477,47,2022-01-01,placed
1478,84,2022-01-03,placed
1479,66,2022-01-04,placed
1480,63,2022-01-04,placed
1481,27,2022-01-05,placed
1482,90,2022-01-07,placed
1483,89,2022-01-08,placed
1484,41,2022-01-08,placed
1485,85,2022-01-10,placed
1486,1,2022-01-10,returned
1487,3,2022-01-11,completed
1488,94,2022-01-13,completed
1489,50,2022-01-14,completed
1490,64,2022-01-14,completed
1491,54,2022-01-16,completed
1492,88,2022-01-18,completed
1493,2,2022-01-20,returned
1494,53,2022-01-21,completed
1495,7,2022-01-23,completed
1496,99,2022-01-23,completed
1497,59,2022-01-24,completed
1498,84,2022-01-26,completed
1499,40,2022-01-26,returned
1500,25,2022-01-26,completed
1501,39,2022-01-27,completed
1502,71,2022-01-27,completed
1503,64,2022-01-29,returned
1504,54,2022-01-31,completed
1505,20,2022-02-01,completed
1506,71,2022-02-01,completed
1507,86,2022-02-02,completed
1508,22,2022-02-04,return_pending
1509,3,2022-02-05,completed
1510,51,2022-02-06,completed
1511,32,2022-02-06,completed
1512,94,2022-02-07,completed
1513,8,2022-02-07,completed
1514,57,2022-02-09,completed
1515,69,2022-02-11,completed
1516,16,2022-02-11,completed
1517,28,2022-02-13,completed
1518,42,2022-02-13,completed
1519,38,2022-02-15,completed
1520,80,2022-02-17,completed
1521,85,2022-02-19,completed
1522,1,2022-02-19,completed
1523,51,2022-02-19,completed
1524,26,2022-02-20,completed
1525,33,2022-02-22,completed
1526,99,2022-02-23,completed
1527,92,2022-02-25,completed
1528,31,2022-02-26,completed
1529,66,2022-02-26,completed
1530,22,2022-02-26,completed
1531,6,2022-02-28,completed
1532,50,2022-03-01,completed
1533,27,2022-03-02,completed
1534,35,2022-03-02,completed
1535,51,2022-03-04,completed
1536,71,2022-03-05,completed
1537,54,2022-03-06,return_pending
1538,34,2022-03-07,completed
1539,54,2022-03-07,completed
1540,18,2022-03-08,completed
1541,79,2022-03-09,completed
1542,93,2022-03-10,completed
1543,22,2022-03-10,completed
1544,30,2022-03-11,completed
1545,12,2022-03-12,completed
1546,63,2022-03-12,completed
1547,57,2022-03-14,completed
1548,70,2022-03-15,completed
1549,13,2022-03-16,completed
1550,26,2022-03-17,completed
1551,36,2022-03-19,completed
1552,79,2022-03-20,completed
1553,53,2022-03-20,completed
1554,3,2022-03-20,completed
1555,8,2022-03-21,completed
1556,42,2022-03-21,shipped
1557,30,2022-03-23,shipped
1558,19,2022-03-25,completed
1559,9,2022-03-26,shipped
1560,69,2022-03-27,completed
1561,25,2022-03-29,completed
1562,35,2022-03-30,shipped
1563,90,2022-04-01,shipped
1564,52,2022-04-01,shipped
1565,11,2022-04-01,shipped
1566,76,2022-04-01,shipped
1567,46,2022-04-02,shipped
1568,54,2022-04-02,shipped
1569,70,2022-04-04,placed
1570,47,2022-04-04,shipped
1571,68,2022-04-04,placed
1572,46,2022-04-05,placed
1573,91,2022-04-05,shipped
1574,21,2022-04-06,placed
1575,66,2022-04-08,shipped
1576,47,2022-04-09,placed
1577,84,2022-04-11,placed
1578,66,2022-04-12,placed
1579,63,2022-04-12,placed
1580,27,2022-04-13,placed
1581,90,2022-04-15,placed
1582,89,2022-04-16,placed
1583,41,2022-04-16,placed
1584,85,2022-04-18,placed
1585,1,2022-04-18,returned
1586,3,2022-04-19,completed
1587,94,2022-04-21,completed
1588,50,2022-04-22,completed
1589,64,2022-04-22,completed
1590,54,2022-04-24,completed
1591,88,2022-04-26,completed
1592,2,2022-04-28,returned
1593,53,2022-04-29,completed
1594,7,2022-05-01,completed
1595,99,2022-05-01,completed
1596,59,2022-05-02,completed
1597,84,2022-05-04,completed
1598,40,2022-05-04,returned
1599,25,2022-05-04,completed
1600,39,2022-05-05,completed
1601,71,2022-05-05,completed
1602,64,2022-05-07,returned
1603,54,2022-05-09,completed
1604,20,2022-05-10,completed
1605,71,2022-05-10,completed
1606,86,2022-05-11,completed
1607,22,2022-05-13,return_pending
1608,3,2022-05-14,completed
1609,51,2022-05-15,completed
1610,32,2022-05-15,completed
1611,94,2022-05-16,completed
1612,8,2022-05-16,completed
1613,57,2022-05-18,completed
1614,69,2022-05-20,completed
1615,16,2022-05-20,completed
1616,28,2022-05-22,completed
1617,42,2022-05-22,completed
1618,38,2022-05-24,completed
1619,80,2022-05-26,completed
1620,85,2022-05-28,completed
1621,1,2022-05-28,completed
1622,51,2022-05-28,completed
1623,26,2022-05-29,completed
1624,33,2022-05-31,completed
1625,99,2022-06-01,completed
1626,92,2022-06-03,completed
1627,31,2022-06-04,completed
1628,66,2022-06-04,completed
1629,22,2022-06-04,completed
1630,6,2022-06-06,completed
1631,50,2022-06-07,completed
1632,27,2022-06-08,completed
1633,35,2022-06-08,completed
1634,51,2022-06-10,completed
1635,71,2022-06-11,completed
1636,54,2022-06-12,return_pending
1637,34,2022-06-13,completed
1638,54,2022-06-13,completed
1639,18,2022-06-14,completed
1640,79,2022-06-15,completed
1641,93,2022-06-16,completed
1642,22,2022-06-16,completed
1643,30,2022-06-17,completed
1644,12,2022-06-18,completed
1645,63,2022-06-18,completed
1646,57,2022-06-20,completed
1647,70,2022-06-21,completed
1648,13,2022-06-22,completed
1649,26,2022-06-23,completed
1650,36,2022-06-25,completed
1651,79,2022-06-26,completed
1652,53,2022-06-26,completed
1653,3,2022-06-26,completed
1654,8,2022-06-27,completed
1655,42,2022-06-27,shipped
1656,30,2022-06-29,shipped
1657,19,2022-07-01,completed
1658,9,2022-07-02,shipped
1659,69,2022-07-03,completed
1660,25,2022-07-05,completed
1661,35,2022-07-06,shipped
1662,90,2022-07-08,shipped
1663,52,2022-07-08,shipped
1664,11,2022-07-08,shipped
1665,76,2022-07-08,shipped
1666,46,2022-07-09,shipped
1667,54,2022-07-09,shipped
1668,70,2022-07-11,placed
1669,47,2022-07-11,shipped
1670,68,2022-07-11,placed
1671,46,2022-07-12,placed
1672,91,2022-07-12,shipped
1673,21,2022-07-13,placed
1674,66,2022-07-15,shipped
1675,47,2022-07-16,placed
1676,84,2022-07-18,placed
1677,66,2022-07-19,placed
1678,63,2022-07-19,placed
1679,27,2022-07-20,placed
1680,90,2022-07-22,placed
1681,89,2022-07-23,placed
1682,41,2022-07-23,placed
1683,85,2022-07-25,placed
1684,1,2022-07-25,returned
1685,3,2022-07-26,completed
1686,94,2022-07-28,completed
1687,50,2022-07-29,completed
1688,64,2022-07-29,completed
1689,54,2022-07-31,completed
1690,88,2022-08-02,completed
1691,2,2022-08-04,returned
1692,53,2022-08-05,completed
1693,7,2022-08-07,completed
1694,99,2022-08-07,completed
1695,59,2022-08-08,completed
1696,84,2022-08-10,completed
1697,40,2022-08-10,returned
1698,25,2022-08-10,completed
1699,39,2022-08-11,completed
1700,71,2022-08-11,completed
1701,64,2022-08-13,returned
1702,54,2022-08-15,completed
1703,20,2022-08-16,completed
1704,71,2022-08-16,completed
1705,86,2022-08-17,completed
1706,22,2022-08-19,return_pending
1707,3,2022-08-20,completed
1708,51,2022-08-21,completed
1709,32,2022-08-21,completed
1710,94,2022-08-22,completed
1711,8,2022-08-22,completed
1712,57,2022-08-24,completed
1713,69,2022-08-26,completed
1714,16,2022-08-26,completed
1715,28,2022-08-28,completed
1716,42,2022-08-28,completed
1717,38,2022-08-30,completed
1718,80,2022-09-01,completed
1719,85,2022-09-03,completed
1720,1,2022-09-03,completed
1721,51,2022-09-03,completed
1722,26,2022-09-04,completed
1723,33,2022-09-06,completed
1724,99,2022-09-07,completed
1725,92,2022-09-09,completed
1726,31,2022-09-10,completed
1727,66,2022-09-10,completed
1728,22,2022-09-10,completed
1729,6,2022-09-12,completed
1730,50,2022-09-13,completed
1731,27,2022-09-14,completed
1732,35,2022-09-14,completed
1733,51,2022-09-16,completed
1734,71,2022-09-17,completed
1735,54,2022-09-18,return_pending
1736,34,2022-09-19,completed
1737,54,2022-09-19,completed
1738,18,2022-09-20,completed
1739,79,2022-09-21,completed
1740,93,2022-09-22,completed
1741,22,2022-09-22,completed
1742,30,2022-09-23,completed
1743,12,2022-09-24,completed
1744,63,2022-09-24,completed
1745,57,2022-09-26,completed
1746,70,2022-09-27,completed
1747,13,2022-09-28,completed
1748,26,2022-09-29,completed
1749,36,2022-10-01,completed
1750,79,2022-10-02,completed
1751,53,2022-10-02,completed
1752,3,2022-10-02,completed
1753,8,2022-10-03,completed
1754,42,2022-10-03,shipped
1755,30,2022-10-05,shipped
1756,19,2022-10-07,completed
1757,9,2022-10-08,shipped
1758,69,2022-10-09,completed
1759,25,2022-10-11,completed
1760,35,2022-10-12,shipped
1761,90,2022-10-14,shipped
1762,52,2022-10-14,shipped
1763,11,2022-10-14,shipped
1764,76,2022-10-14,shipped
1765,46,2022-10-15,shipped
1766,54,2022-10-15,shipped
1767,70,2022-10-17,placed
1768,47,2022-10-17,shipped
1769,68,2022-10-17,placed
1770,46,2022-10-18,placed
1771,91,2022-10-18,shipped
1772,21,2022-10-19,placed
1773,66,2022-10-21,shipped
1774,47,2022-10-22,placed
1775,84,2022-10-24,placed
1776,66,2022-10-25,placed
1777,63,2022-10-25,placed
1778,27,2022-10-26,placed
1779,90,2022-10-28,placed
1780,89,2022-10-29,placed
1781,41,2022-10-29,placed
1782,85,2022-10-31,placed
1783,1,2022-10-31,returned
1784,3,2022-11-01,completed
1785,94,2022-11-03,completed
1786,50,2022-11-04,completed
1787,64,2022-11-04,completed
1788,54,2022-11-06,completed
1789,88,2022-11-08,completed
1790,2,2022-11-10,returned
1791,53,2022-11-11,completed
1792,7,2022-11-13,completed
1793,99,2022-11-13,completed
1794,59,2022-11-14,completed
1795,84,2022-11-16,completed
1796,40,2022-11-16,returned
1797,25,2022-11-16,completed
1798,39,2022-11-17,completed
1799,71,2022-11-17,completed
1800,64,2022-11-19,returned
1801,54,2022-11-21,completed
1802,20,2022-11-22,completed
1803,71,2022-11-22,completed
1804,86,2022-11-23,completed
1805,22,2022-11-25,return_pending
1806,3,2022-11-26,completed
1807,51,2022-11-27,completed
1808,32,2022-11-27,completed
1809,94,2022-11-28,completed
1810,8,2022-11-28,completed
1811,57,2022-11-30,completed
1812,69,2022-12-02,completed
1813,16,2022-12-02,completed
1814,28,2022-12-04,completed
1815,42,2022-12-04,completed
1816,38,2022-12-06,completed
1817,80,2022-12-08,completed
1818,85,2022-12-10,completed
1819,1,2022-12-10,completed
1820,51,2022-12-10,completed
1821,26,2022-12-11,completed
1822,33,2022-12-13,completed
1823,99,2022-12-14,completed
1824,92,2022-12-16,completed
1825,31,2022-12-17,completed
1826,66,2022-12-17,completed
1827,22,2022-12-17,completed
1828,6,2022-12-19,completed
1829,50,2022-12-20,completed
1830,27,2022-12-21,completed
1831,35,2022-12-21,completed
1832,51,2022-12-23,completed
1833,71,2022-12-24,completed
1834,54,2022-12-25,return_pending
1835,34,2022-12-26,completed
1836,54,2022-12-26,completed
1837,18,2022-12-27,completed
1838,79,2022-12-28,completed
1839,93,2022-12-29,completed
1840,22,2022-12-29,completed
1841,30,2022-12-30,completed
1842,12,2022-12-31,completed
1843,63,2022-12-31,completed
1844,57,2023-01-02,completed
1845,70,2023-01-03,completed
1846,13,2023-01-04,completed
1847,26,2023-01-05,completed
1848,36,2023-01-07,completed
1849,79,2023-01-08,completed
1850,53,2023-01-08,completed
1851,3,2023-01-08,completed
1852,8,2023-01-09,completed
1853,42,2023-01-09,shipped
1854,30,2023-01-11,shipped
1855,19,2023-01-13,completed
1856,9,2023-01-14,shipped
1857,69,2023-01-15,completed
1858,25,2023-01-17,completed
1859,35,2023-01-18,shipped
1860,90,2023-01-20,shipped
1861,52,2023-01-20,shipped
1862,11,2023-01-20,shipped
1863,76,2023-01-20,shipped
1864,46,2023-01-21,shipped
1865,54,2023-01-21,shipped
1866,70,2023-01-23,placed
1867,47,2023-01-23,shipped
1868,68,2023-01-23,placed
1869,46,2023-01-24,placed
1870,91,2023-01-24,shipped
1871,21,2023-01-25,placed
1872,66,2023-01-27,shipped
1873,47,2023-01-28,placed
1874,84,2023-01-30,placed
1875,66,2023-01-31,placed
1876,63,2023-01-31,placed
1877,27,2023-02-01,placed
1878,90,2023-02-03,placed
1879,89,2023-02-04,placed
1880,41,2023-02-04,placed
1881,85,2023-02-06,placed